{"cameraMode":{"drawMode":0,"name":"Shaded","section":"Shading Mode"},"sceneLighting":true,"audioPlay":false,"sceneViewState":{"m_AlwaysRefresh":false,"showFog":true,"showSkybox":true,"showFlares":true,"showImageEffects":true,"showParticleSystems":true,"showVisualEffectGraphs":true,"m_FxEnabled":true},"in2DMode":false,"pivot":{"x":-1.357421636581421,"y":-2.219005584716797,"z":-2.6020402908325197},"rotation":{"x":0.0027097035199403764,"y":0.9660817980766296,"z":-0.25804388523101809,"w":0.010145078413188458},"size":6.148613452911377,"orthographic":false}